번호,구분,지역,도시,표시 제목
01,임시,서울,강남구,[임시] 서울 강남구 단열 시공사례 01
02,임시,서울,강서구,[임시] 서울 강서구 단열 시공사례 02
03,임시,서울,송파구,[임시] 서울 송파구 단열 시공사례 03
04,임시,경기,수원,[임시] 경기 수원 단열 시공사례 04
05,임시,경기,용인,[임시] 경기 용인 단열 시공사례 05
06,임시,경기,화성,[임시] 경기 화성 단열 시공사례 06
07,임시,경기,고양,[임시] 경기 고양 단열 시공사례 07
08,임시,경기,파주,[임시] 경기 파주 단열 시공사례 08
09,임시,경기,남양주,[임시] 경기 남양주 단열 시공사례 09
10,임시,경기,평택,[임시] 경기 평택 단열 시공사례 10
11,임시,경기,김포,[임시] 경기 김포 단열 시공사례 11
12,임시,경기,성남,[임시] 경기 성남 단열 시공사례 12
13,임시,경기,안산,[임시] 경기 안산 단열 시공사례 13
14,임시,경기,이천,[임시] 경기 이천 단열 시공사례 14
15,임시,경기,양평,[임시] 경기 양평 단열 시공사례 15
16,임시,인천,연수구,[임시] 인천 연수구 단열 시공사례 16
17,임시,인천,서구,[임시] 인천 서구 단열 시공사례 17
18,임시,강원,춘천,[임시] 강원 춘천 단열 시공사례 18
19,임시,강원,원주,[임시] 강원 원주 단열 시공사례 19
20,임시,강원,강릉,[임시] 강원 강릉 단열 시공사례 20
21,임시,강원,홍천,[임시] 강원 홍천 단열 시공사례 21
22,임시,충북,청주,[임시] 충북 청주 단열 시공사례 22
23,임시,충북,충주,[임시] 충북 충주 단열 시공사례 23
24,임시,충남,천안,[임시] 충남 천안 단열 시공사례 24
25,임시,충남,아산,[임시] 충남 아산 단열 시공사례 25
26,임시,충남,당진,[임시] 충남 당진 단열 시공사례 26
27,임시,대전,유성구,[임시] 대전 유성구 단열 시공사례 27
28,임시,세종,세종,[임시] 세종 세종 단열 시공사례 28
29,임시,전북,익산,[임시] 전북 익산 단열 시공사례 29
30,임시,전북,전주,[임시] 전북 전주 단열 시공사례 30
31,임시,전북,군산,[임시] 전북 군산 단열 시공사례 31
32,임시,전북,완주,[임시] 전북 완주 단열 시공사례 32
33,임시,광주,광산구,[임시] 광주 광산구 단열 시공사례 33
34,임시,전남,순천,[임시] 전남 순천 단열 시공사례 34
35,임시,전남,여수,[임시] 전남 여수 단열 시공사례 35
36,임시,전남,목포,[임시] 전남 목포 단열 시공사례 36
37,임시,경북,칠곡,[임시] 경북 칠곡 단열 시공사례 37
38,임시,경북,포항,[임시] 경북 포항 단열 시공사례 38
39,임시,경북,구미,[임시] 경북 구미 단열 시공사례 39
40,임시,경북,안동,[임시] 경북 안동 단열 시공사례 40
41,임시,대구,달서구,[임시] 대구 달서구 단열 시공사례 41
42,임시,경남,창원,[임시] 경남 창원 단열 시공사례 42
43,임시,경남,김해,[임시] 경남 김해 단열 시공사례 43
44,임시,경남,진주,[임시] 경남 진주 단열 시공사례 44
45,임시,경남,거제,[임시] 경남 거제 단열 시공사례 45
46,임시,부산,기장군,[임시] 부산 기장군 단열 시공사례 46
47,임시,부산,해운대구,[임시] 부산 해운대구 단열 시공사례 47
48,임시,울산,울주군,[임시] 울산 울주군 단열 시공사례 48
49,임시,제주,제주,[임시] 제주 제주 단열 시공사례 49
50,임시,제주,서귀포,[임시] 제주 서귀포 단열 시공사례 50
51,임시,서울,종로구,[임시] 서울 종로구 지도 위치 51
52,임시,서울,마포구,[임시] 서울 마포구 지도 위치 52
53,임시,서울,관악구,[임시] 서울 관악구 지도 위치 53
54,임시,서울,서초구,[임시] 서울 서초구 지도 위치 54
55,임시,서울,은평구,[임시] 서울 은평구 지도 위치 55
56,임시,경기,의정부,[임시] 경기 의정부 지도 위치 56
57,임시,경기,포천,[임시] 경기 포천 지도 위치 57
58,임시,경기,가평,[임시] 경기 가평 지도 위치 58
59,임시,경기,안성,[임시] 경기 안성 지도 위치 59
60,임시,경기,여주,[임시] 경기 여주 지도 위치 60
61,임시,경기,오산,[임시] 경기 오산 지도 위치 61
62,임시,경기,시흥,[임시] 경기 시흥 지도 위치 62
63,임시,경기,광명,[임시] 경기 광명 지도 위치 63
64,임시,경기,군포,[임시] 경기 군포 지도 위치 64
65,임시,경기,하남,[임시] 경기 하남 지도 위치 65
66,임시,인천,남동구,[임시] 인천 남동구 지도 위치 66
67,임시,인천,부평구,[임시] 인천 부평구 지도 위치 67
68,임시,인천,계양구,[임시] 인천 계양구 지도 위치 68
69,임시,강원,속초,[임시] 강원 속초 지도 위치 69
70,임시,강원,평창,[임시] 강원 평창 지도 위치 70
71,임시,강원,정선,[임시] 강원 정선 지도 위치 71
72,임시,강원,영월,[임시] 강원 영월 지도 위치 72
73,임시,강원,횡성,[임시] 강원 횡성 지도 위치 73
74,임시,충북,제천,[임시] 충북 제천 지도 위치 74
75,임시,충북,음성,[임시] 충북 음성 지도 위치 75
76,임시,충북,진천,[임시] 충북 진천 지도 위치 76
77,임시,충북,보은,[임시] 충북 보은 지도 위치 77
78,임시,충남,서산,[임시] 충남 서산 지도 위치 78
79,임시,충남,공주,[임시] 충남 공주 지도 위치 79
80,임시,충남,논산,[임시] 충남 논산 지도 위치 80
81,임시,충남,홍성,[임시] 충남 홍성 지도 위치 81
82,임시,충남,보령,[임시] 충남 보령 지도 위치 82
83,임시,대전,서구,[임시] 대전 서구 지도 위치 83
84,임시,대전,동구,[임시] 대전 동구 지도 위치 84
85,임시,전북,정읍,[임시] 전북 정읍 지도 위치 85
86,임시,전북,남원,[임시] 전북 남원 지도 위치 86
87,임시,전북,김제,[임시] 전북 김제 지도 위치 87
88,임시,전북,부안,[임시] 전북 부안 지도 위치 88
89,임시,전남,나주,[임시] 전남 나주 지도 위치 89
90,임시,전남,광양,[임시] 전남 광양 지도 위치 90
91,임시,전남,해남,[임시] 전남 해남 지도 위치 91
92,임시,전남,담양,[임시] 전남 담양 지도 위치 92
93,임시,전남,고흥,[임시] 전남 고흥 지도 위치 93
94,임시,경북,경주,[임시] 경북 경주 지도 위치 94
95,임시,경북,영주,[임시] 경북 영주 지도 위치 95
96,임시,경북,상주,[임시] 경북 상주 지도 위치 96
97,임시,경북,영천,[임시] 경북 영천 지도 위치 97
98,임시,경남,밀양,[임시] 경남 밀양 지도 위치 98
99,임시,경남,통영,[임시] 경남 통영 지도 위치 99
100,임시,경남,양산,[임시] 경남 양산 지도 위치 100
